Geography,n,churn_rate
Germany,2509,0.32443204463929853
Spain,2477,0.1667339523617279
France,5014,0.16154766653370561
