OverTime,n,churn_rate
Yes,416,0.30528846153846156
No,1054,0.10436432637571158
