EducationField,n,churn_rate
Human Resources,27,0.25925925925925924
Technical Degree,132,0.24242424242424243
Marketing,159,0.22012578616352202
Life Sciences,606,0.14686468646864687
Medical,464,0.13577586206896552
Other,82,0.13414634146341464
