MaritalStatus,n,churn_rate
Single,470,0.2553191489361702
Married,673,0.12481426448736999
Divorced,327,0.10091743119266056
