JobRole,n,churn_rate
Sales Representative,83,0.39759036144578314
Laboratory Technician,259,0.23938223938223938
Human Resources,52,0.23076923076923078
Sales Executive,326,0.17484662576687116
Research Scientist,292,0.16095890410958905
Manufacturing Director,145,0.06896551724137931
Healthcare Representative,131,0.06870229007633588
Manager,102,0.049019607843137254
Research Director,80,0.025
