Gender,n,churn_rate
Male,882,0.17006802721088435
Female,588,0.14795918367346939
